{"modelTopology":{"class_name":"Sequential","config":{"name":"sequential_3","layers":[{"class_name":"Flatten","config":{"name":"flatten_Flatten3","trainable":true,"batch_input_shape":[null,300,300,3],"dtype":"float32"}},{"class_name":"Dense","config":{"units":1,"activation":"sigmoid","use_bias":true,"kernel_initializer":{"class_name":"VarianceScaling","config":{"scale":1,"mode":"fan_avg","distribution":"normal","seed":null}},"bias_initializer":{"class_name":"Zeros","config":{}},"kernel_regularizer":null,"bias_regularizer":null,"activity_regularizer":null,"kernel_constraint":null,"bias_constraint":null,"name":"dense_Dense3","trainable":true}}]},"keras_version":"tfjs-layers 4.15.0","backend":"tensor_flow.js"},"weightsManifest":[{"paths":["weights.bin"],"weights":[{"name":"dense_Dense3/kernel","shape":[270000,1],"dtype":"float32"},{"name":"dense_Dense3/bias","shape":[1],"dtype":"float32"}]}],"format":"layers-model","generatedBy":"TensorFlow.js tfjs-layers v4.15.0","convertedBy":null}